device_id,seq,timestamp,arrival_time,duplicate_flag,gap_flag
1,1,1970-01-01 02:00:00,2025-11-05 13:06:39,0,0
2,1,1970-01-01 02:00:00,2025-11-05 13:06:39,0,0
1,2,2025-11-05 13:06:39,2025-11-05 13:06:39,0,0
2,2,2025-11-05 13:06:39,2025-11-05 13:06:39,0,0
1,3,2025-11-05 13:06:39,2025-11-05 13:06:39,0,0
2,3,2025-11-05 13:06:39,2025-11-05 13:06:39,0,0
3,1,1970-01-01 02:00:00,2025-11-05 13:06:39,0,0
3,2,2025-11-05 13:06:39,2025-11-05 13:06:39,0,0
3,3,2025-11-05 13:06:39,2025-11-05 13:06:39,0,0
4,1,1970-01-01 02:00:00,2025-11-05 13:06:39,0,0
4,2,2025-11-05 13:06:39,2025-11-05 13:06:39,0,0
4,3,2025-11-05 13:06:39,2025-11-05 13:06:39,0,0
5,1,1970-01-01 02:00:00,2025-11-05 13:06:39,0,0
5,2,2025-11-05 13:06:39,2025-11-05 13:06:39,0,0
5,3,2025-11-05 13:06:39,2025-11-05 13:06:39,0,0
1,4,2025-11-05 13:06:40,2025-11-05 13:06:40,0,0
2,4,2025-11-05 13:06:40,2025-11-05 13:06:40,0,0
3,4,2025-11-05 13:06:40,2025-11-05 13:06:40,0,0
4,4,2025-11-05 13:06:40,2025-11-05 13:06:40,0,0
5,4,2025-11-05 13:06:40,2025-11-05 13:06:40,0,0
1,5,2025-11-05 13:06:41,2025-11-05 13:06:41,0,0
2,5,2025-11-05 13:06:41,2025-11-05 13:06:41,0,0
3,5,2025-11-05 13:06:41,2025-11-05 13:06:41,0,0
4,5,2025-11-05 13:06:41,2025-11-05 13:06:41,0,0
5,5,2025-11-05 13:06:41,2025-11-05 13:06:41,0,0
1,6,2025-11-05 13:06:42,2025-11-05 13:06:42,0,0
2,6,2025-11-05 13:06:42,2025-11-05 13:06:42,0,0
3,6,2025-11-05 13:06:42,2025-11-05 13:06:42,0,0
4,6,2025-11-05 13:06:42,2025-11-05 13:06:42,0,0
5,6,2025-11-05 13:06:42,2025-11-05 13:06:42,0,0
1,7,2025-11-05 13:06:43,2025-11-05 13:06:43,0,0
2,7,2025-11-05 13:06:43,2025-11-05 13:06:43,0,0
3,7,2025-11-05 13:06:43,2025-11-05 13:06:43,0,0
4,7,2025-11-05 13:06:43,2025-11-05 13:06:43,0,0
5,7,2025-11-05 13:06:43,2025-11-05 13:06:43,0,0
1,8,2025-11-05 13:06:44,2025-11-05 13:06:44,0,0
2,8,2025-11-05 13:06:44,2025-11-05 13:06:44,0,0
3,8,2025-11-05 13:06:44,2025-11-05 13:06:44,0,0
4,8,2025-11-05 13:06:44,2025-11-05 13:06:44,0,0
5,8,2025-11-05 13:06:44,2025-11-05 13:06:44,0,0
1,9,2025-11-05 13:06:45,2025-11-05 13:06:45,0,0
2,9,2025-11-05 13:06:45,2025-11-05 13:06:45,0,0
3,9,2025-11-05 13:06:45,2025-11-05 13:06:45,0,0
4,9,2025-11-05 13:06:45,2025-11-05 13:06:45,0,0
1,10,2025-11-05 13:06:46,2025-11-05 13:06:46,0,0
2,10,2025-11-05 13:06:46,2025-11-05 13:06:46,0,0
3,10,2025-11-05 13:06:46,2025-11-05 13:06:46,0,0
4,10,2025-11-05 13:06:46,2025-11-05 13:06:46,0,0
5,10,2025-11-05 13:06:46,2025-11-05 13:06:46,0,1
1,11,2025-11-05 13:06:47,2025-11-05 13:06:47,0,0
2,11,2025-11-05 13:06:47,2025-11-05 13:06:47,0,0
3,11,2025-11-05 13:06:47,2025-11-05 13:06:47,0,0
4,11,2025-11-05 13:06:47,2025-11-05 13:06:47,0,0
1,12,2025-11-05 13:06:48,2025-11-05 13:06:48,0,0
2,12,2025-11-05 13:06:48,2025-11-05 13:06:48,0,0
3,12,2025-11-05 13:06:48,2025-11-05 13:06:48,0,0
4,12,2025-11-05 13:06:48,2025-11-05 13:06:48,0,0
5,12,2025-11-05 13:06:48,2025-11-05 13:06:48,0,1
1,13,2025-11-05 13:06:49,2025-11-05 13:06:49,0,0
2,13,2025-11-05 13:06:49,2025-11-05 13:06:49,0,0
3,13,2025-11-05 13:06:49,2025-11-05 13:06:49,0,0
4,13,2025-11-05 13:06:49,2025-11-05 13:06:49,0,0
5,13,2025-11-05 13:06:49,2025-11-05 13:06:49,0,0
1,14,2025-11-05 13:06:50,2025-11-05 13:06:50,0,0
2,14,2025-11-05 13:06:50,2025-11-05 13:06:50,0,0
3,14,2025-11-05 13:06:50,2025-11-05 13:06:50,0,0
4,14,2025-11-05 13:06:50,2025-11-05 13:06:50,0,0
5,14,2025-11-05 13:06:50,2025-11-05 13:06:50,0,0
1,15,2025-11-05 13:06:51,2025-11-05 13:06:51,0,0
2,15,2025-11-05 13:06:51,2025-11-05 13:06:51,0,0
3,15,2025-11-05 13:06:51,2025-11-05 13:06:51,0,0
4,15,2025-11-05 13:06:51,2025-11-05 13:06:51,0,0
5,15,2025-11-05 13:06:51,2025-11-05 13:06:51,0,0
1,16,2025-11-05 13:06:52,2025-11-05 13:06:52,0,0
2,16,2025-11-05 13:06:52,2025-11-05 13:06:52,0,0
3,16,2025-11-05 13:06:52,2025-11-05 13:06:52,0,0
4,16,2025-11-05 13:06:52,2025-11-05 13:06:52,0,0
5,16,2025-11-05 13:06:52,2025-11-05 13:06:52,0,0
1,17,2025-11-05 13:06:53,2025-11-05 13:06:53,0,0
2,17,2025-11-05 13:06:53,2025-11-05 13:06:53,0,0
3,17,2025-11-05 13:06:53,2025-11-05 13:06:53,0,0
5,17,2025-11-05 13:06:53,2025-11-05 13:06:53,0,0
4,17,2025-11-05 13:06:53,2025-11-05 13:06:53,0,0
1,18,2025-11-05 13:06:54,2025-11-05 13:06:54,0,0
2,18,2025-11-05 13:06:54,2025-11-05 13:06:54,0,0
3,18,2025-11-05 13:06:54,2025-11-05 13:06:54,0,0
4,18,2025-11-05 13:06:54,2025-11-05 13:06:54,0,0
5,18,2025-11-05 13:06:54,2025-11-05 13:06:54,0,0
1,19,2025-11-05 13:06:55,2025-11-05 13:06:55,0,0
2,19,2025-11-05 13:06:55,2025-11-05 13:06:55,0,0
3,19,2025-11-05 13:06:55,2025-11-05 13:06:55,0,0
4,19,2025-11-05 13:06:55,2025-11-05 13:06:55,0,0
5,19,2025-11-05 13:06:55,2025-11-05 13:06:55,0,0
1,20,2025-11-05 13:06:56,2025-11-05 13:06:56,0,0
2,20,2025-11-05 13:06:56,2025-11-05 13:06:56,0,0
3,20,2025-11-05 13:06:56,2025-11-05 13:06:56,0,0
4,20,2025-11-05 13:06:56,2025-11-05 13:06:56,0,0
5,20,2025-11-05 13:06:56,2025-11-05 13:06:56,0,0
2,21,2025-11-05 13:06:57,2025-11-05 13:06:57,0,0
1,21,2025-11-05 13:06:57,2025-11-05 13:06:57,0,0
3,21,2025-11-05 13:06:57,2025-11-05 13:06:57,0,0
4,21,2025-11-05 13:06:57,2025-11-05 13:06:57,0,0
5,21,2025-11-05 13:06:57,2025-11-05 13:06:57,0,0
1,22,2025-11-05 13:06:58,2025-11-05 13:06:58,0,0
2,22,2025-11-05 13:06:58,2025-11-05 13:06:58,0,0
4,22,2025-11-05 13:06:58,2025-11-05 13:06:58,0,0
5,22,2025-11-05 13:06:58,2025-11-05 13:06:58,0,0
1,23,2025-11-05 13:06:59,2025-11-05 13:06:59,0,0
2,23,2025-11-05 13:06:59,2025-11-05 13:06:59,0,0
3,23,2025-11-05 13:06:59,2025-11-05 13:06:59,0,1
4,23,2025-11-05 13:06:59,2025-11-05 13:06:59,0,0
5,23,2025-11-05 13:06:59,2025-11-05 13:06:59,0,0
1,24,2025-11-05 13:07:03,2025-11-05 13:07:03,0,0
2,24,2025-11-05 13:07:03,2025-11-05 13:07:03,0,0
1,25,2025-11-05 13:07:03,2025-11-05 13:07:03,0,0
2,25,2025-11-05 13:07:03,2025-11-05 13:07:03,0,0
1,26,2025-11-05 13:07:03,2025-11-05 13:07:03,0,0
2,26,2025-11-05 13:07:03,2025-11-05 13:07:03,0,0
3,24,2025-11-05 13:07:03,2025-11-05 13:07:03,0,0
3,25,2025-11-05 13:07:03,2025-11-05 13:07:03,0,0
3,26,2025-11-05 13:07:03,2025-11-05 13:07:03,0,0
4,24,2025-11-05 13:07:03,2025-11-05 13:07:03,0,0
4,25,2025-11-05 13:07:03,2025-11-05 13:07:03,0,0
4,26,2025-11-05 13:07:03,2025-11-05 13:07:03,0,0
5,24,2025-11-05 13:07:03,2025-11-05 13:07:03,0,0
5,25,2025-11-05 13:07:03,2025-11-05 13:07:03,0,0
5,26,2025-11-05 13:07:03,2025-11-05 13:07:03,0,0
1,27,2025-11-05 13:07:03,2025-11-05 13:07:03,0,0
2,27,2025-11-05 13:07:03,2025-11-05 13:07:03,0,0
3,27,2025-11-05 13:07:03,2025-11-05 13:07:03,0,0
4,27,2025-11-05 13:07:03,2025-11-05 13:07:03,0,0
5,27,2025-11-05 13:07:03,2025-11-05 13:07:03,0,0
1,28,2025-11-05 13:07:04,2025-11-05 13:07:04,0,0
2,28,2025-11-05 13:07:04,2025-11-05 13:07:04,0,0
4,28,2025-11-05 13:07:04,2025-11-05 13:07:04,0,0
5,28,2025-11-05 13:07:04,2025-11-05 13:07:04,0,0
1,29,2025-11-05 13:07:05,2025-11-05 13:07:05,0,0
2,29,2025-11-05 13:07:05,2025-11-05 13:07:05,0,0
3,29,2025-11-05 13:07:05,2025-11-05 13:07:05,0,1
4,29,2025-11-05 13:07:05,2025-11-05 13:07:05,0,0
5,29,2025-11-05 13:07:05,2025-11-05 13:07:05,0,0
1,30,2025-11-05 13:07:06,2025-11-05 13:07:06,0,0
2,30,2025-11-05 13:07:06,2025-11-05 13:07:06,0,0
3,30,2025-11-05 13:07:06,2025-11-05 13:07:06,0,0
5,30,2025-11-05 13:07:06,2025-11-05 13:07:06,0,0
1,31,2025-11-05 13:07:07,2025-11-05 13:07:07,0,0
2,31,2025-11-05 13:07:07,2025-11-05 13:07:07,0,0
3,31,2025-11-05 13:07:07,2025-11-05 13:07:07,0,0
4,31,2025-11-05 13:07:07,2025-11-05 13:07:07,0,1
5,31,2025-11-05 13:07:07,2025-11-05 13:07:07,0,0
1,32,2025-11-05 13:07:08,2025-11-05 13:07:08,0,0
2,32,2025-11-05 13:07:08,2025-11-05 13:07:08,0,0
3,32,2025-11-05 13:07:08,2025-11-05 13:07:08,0,0
4,32,2025-11-05 13:07:08,2025-11-05 13:07:08,0,0
5,32,2025-11-05 13:07:08,2025-11-05 13:07:08,0,0
1,33,2025-11-05 13:07:09,2025-11-05 13:07:09,0,0
2,33,2025-11-05 13:07:09,2025-11-05 13:07:09,0,0
3,33,2025-11-05 13:07:09,2025-11-05 13:07:09,0,0
4,33,2025-11-05 13:07:09,2025-11-05 13:07:09,0,0
5,33,2025-11-05 13:07:09,2025-11-05 13:07:09,0,0
1,34,2025-11-05 13:07:10,2025-11-05 13:07:10,0,0
2,34,2025-11-05 13:07:10,2025-11-05 13:07:10,0,0
3,34,2025-11-05 13:07:10,2025-11-05 13:07:10,0,0
4,34,2025-11-05 13:07:10,2025-11-05 13:07:10,0,0
5,34,2025-11-05 13:07:10,2025-11-05 13:07:10,0,0
1,35,2025-11-05 13:07:11,2025-11-05 13:07:11,0,0
2,35,2025-11-05 13:07:11,2025-11-05 13:07:11,0,0
3,35,2025-11-05 13:07:11,2025-11-05 13:07:11,0,0
4,35,2025-11-05 13:07:11,2025-11-05 13:07:11,0,0
5,35,2025-11-05 13:07:11,2025-11-05 13:07:11,0,0
2,36,2025-11-05 13:07:12,2025-11-05 13:07:12,0,0
3,36,2025-11-05 13:07:12,2025-11-05 13:07:12,0,0
4,36,2025-11-05 13:07:12,2025-11-05 13:07:12,0,0
5,36,2025-11-05 13:07:12,2025-11-05 13:07:12,0,0
1,37,2025-11-05 13:07:13,2025-11-05 13:07:13,0,1
2,37,2025-11-05 13:07:13,2025-11-05 13:07:13,0,0
3,37,2025-11-05 13:07:13,2025-11-05 13:07:13,0,0
4,37,2025-11-05 13:07:13,2025-11-05 13:07:13,0,0
5,37,2025-11-05 13:07:13,2025-11-05 13:07:13,0,0
1,38,2025-11-05 13:07:14,2025-11-05 13:07:14,0,0
2,38,2025-11-05 13:07:14,2025-11-05 13:07:14,0,0
3,38,2025-11-05 13:07:14,2025-11-05 13:07:14,0,0
4,38,2025-11-05 13:07:14,2025-11-05 13:07:14,0,0
5,38,2025-11-05 13:07:14,2025-11-05 13:07:14,0,0
1,39,2025-11-05 13:07:15,2025-11-05 13:07:15,0,0
2,39,2025-11-05 13:07:15,2025-11-05 13:07:15,0,0
3,39,2025-11-05 13:07:15,2025-11-05 13:07:15,0,0
4,39,2025-11-05 13:07:15,2025-11-05 13:07:15,0,0
5,39,2025-11-05 13:07:15,2025-11-05 13:07:15,0,0
1,40,2025-11-05 13:07:16,2025-11-05 13:07:16,0,0
2,40,2025-11-05 13:07:16,2025-11-05 13:07:16,0,0
3,40,2025-11-05 13:07:16,2025-11-05 13:07:16,0,0
4,40,2025-11-05 13:07:16,2025-11-05 13:07:16,0,0
5,40,2025-11-05 13:07:16,2025-11-05 13:07:16,0,0
1,41,2025-11-05 13:07:17,2025-11-05 13:07:17,0,0
2,41,2025-11-05 13:07:17,2025-11-05 13:07:17,0,0
3,41,2025-11-05 13:07:17,2025-11-05 13:07:17,0,0
4,41,2025-11-05 13:07:17,2025-11-05 13:07:17,0,0
5,41,2025-11-05 13:07:17,2025-11-05 13:07:17,0,0
1,42,2025-11-05 13:07:18,2025-11-05 13:07:18,0,0
2,42,2025-11-05 13:07:18,2025-11-05 13:07:18,0,0
3,42,2025-11-05 13:07:18,2025-11-05 13:07:18,0,0
4,42,2025-11-05 13:07:18,2025-11-05 13:07:18,0,0
1,43,2025-11-05 13:07:19,2025-11-05 13:07:19,0,0
2,43,2025-11-05 13:07:19,2025-11-05 13:07:19,0,0
3,43,2025-11-05 13:07:19,2025-11-05 13:07:19,0,0
4,43,2025-11-05 13:07:19,2025-11-05 13:07:19,0,0
5,43,2025-11-05 13:07:19,2025-11-05 13:07:19,0,1
1,44,2025-11-05 13:07:20,2025-11-05 13:07:20,0,0
2,44,2025-11-05 13:07:20,2025-11-05 13:07:20,0,0
3,44,2025-11-05 13:07:20,2025-11-05 13:07:20,0,0
4,44,2025-11-05 13:07:20,2025-11-05 13:07:20,0,0
5,44,2025-11-05 13:07:20,2025-11-05 13:07:20,0,0
1,45,2025-11-05 13:07:21,2025-11-05 13:07:21,0,0
2,45,2025-11-05 13:07:21,2025-11-05 13:07:21,0,0
3,45,2025-11-05 13:07:21,2025-11-05 13:07:21,0,0
4,45,2025-11-05 13:07:21,2025-11-05 13:07:21,0,0
5,45,2025-11-05 13:07:21,2025-11-05 13:07:21,0,0
2,46,2025-11-05 13:07:22,2025-11-05 13:07:22,0,0
1,46,2025-11-05 13:07:22,2025-11-05 13:07:22,0,0
3,46,2025-11-05 13:07:22,2025-11-05 13:07:22,0,0
4,46,2025-11-05 13:07:22,2025-11-05 13:07:22,0,0
5,46,2025-11-05 13:07:22,2025-11-05 13:07:22,0,0
2,47,2025-11-05 13:07:23,2025-11-05 13:07:23,0,0
1,47,2025-11-05 13:07:23,2025-11-05 13:07:23,0,0
3,47,2025-11-05 13:07:23,2025-11-05 13:07:23,0,0
4,47,2025-11-05 13:07:23,2025-11-05 13:07:23,0,0
1,48,2025-11-05 13:07:24,2025-11-05 13:07:24,0,0
2,48,2025-11-05 13:07:24,2025-11-05 13:07:24,0,0
3,48,2025-11-05 13:07:24,2025-11-05 13:07:24,0,0
4,48,2025-11-05 13:07:24,2025-11-05 13:07:24,0,0
5,48,2025-11-05 13:07:24,2025-11-05 13:07:24,0,1
1,49,2025-11-05 13:07:25,2025-11-05 13:07:25,0,0
3,49,2025-11-05 13:07:25,2025-11-05 13:07:25,0,0
4,49,2025-11-05 13:07:25,2025-11-05 13:07:25,0,0
5,49,2025-11-05 13:07:25,2025-11-05 13:07:25,0,0
1,50,2025-11-05 13:07:26,2025-11-05 13:07:26,0,0
2,50,2025-11-05 13:07:26,2025-11-05 13:07:26,0,1
3,50,2025-11-05 13:07:26,2025-11-05 13:07:26,0,0
4,50,2025-11-05 13:07:26,2025-11-05 13:07:26,0,0
5,50,2025-11-05 13:07:26,2025-11-05 13:07:26,0,0
1,51,2025-11-05 13:07:27,2025-11-05 13:07:27,0,0
3,51,2025-11-05 13:07:27,2025-11-05 13:07:27,0,0
4,51,2025-11-05 13:07:27,2025-11-05 13:07:27,0,0
5,51,2025-11-05 13:07:27,2025-11-05 13:07:27,0,0
1,52,2025-11-05 13:07:28,2025-11-05 13:07:28,0,0
2,52,2025-11-05 13:07:28,2025-11-05 13:07:28,0,1
3,52,2025-11-05 13:07:28,2025-11-05 13:07:28,0,0
4,52,2025-11-05 13:07:28,2025-11-05 13:07:28,0,0
5,52,2025-11-05 13:07:28,2025-11-05 13:07:28,0,0
2,53,2025-11-05 13:07:29,2025-11-05 13:07:29,0,0
3,53,2025-11-05 13:07:29,2025-11-05 13:07:29,0,0
4,53,2025-11-05 13:07:29,2025-11-05 13:07:29,0,0
2,54,2025-11-05 13:07:30,2025-11-05 13:07:30,0,0
1,54,2025-11-05 13:07:30,2025-11-05 13:07:30,0,1
3,54,2025-11-05 13:07:30,2025-11-05 13:07:30,0,0
4,54,2025-11-05 13:07:30,2025-11-05 13:07:30,0,0
5,54,2025-11-05 13:07:30,2025-11-05 13:07:30,0,1
1,55,2025-11-05 13:07:31,2025-11-05 13:07:31,0,0
2,55,2025-11-05 13:07:31,2025-11-05 13:07:31,0,0
3,55,2025-11-05 13:07:31,2025-11-05 13:07:31,0,0
4,55,2025-11-05 13:07:31,2025-11-05 13:07:31,0,0
5,55,2025-11-05 13:07:31,2025-11-05 13:07:31,0,0
1,56,2025-11-05 13:07:32,2025-11-05 13:07:32,0,0
2,56,2025-11-05 13:07:32,2025-11-05 13:07:32,0,0
3,56,2025-11-05 13:07:32,2025-11-05 13:07:32,0,0
4,56,2025-11-05 13:07:32,2025-11-05 13:07:32,0,0
5,56,2025-11-05 13:07:32,2025-11-05 13:07:32,0,0
1,57,2025-11-05 13:07:33,2025-11-05 13:07:33,0,0
2,57,2025-11-05 13:07:33,2025-11-05 13:07:33,0,0
3,57,2025-11-05 13:07:33,2025-11-05 13:07:33,0,0
4,57,2025-11-05 13:07:33,2025-11-05 13:07:33,0,0
5,57,2025-11-05 13:07:33,2025-11-05 13:07:33,0,0
1,58,2025-11-05 13:07:34,2025-11-05 13:07:34,0,0
3,58,2025-11-05 13:07:34,2025-11-05 13:07:34,0,0
4,58,2025-11-05 13:07:34,2025-11-05 13:07:34,0,0
5,58,2025-11-05 13:07:34,2025-11-05 13:07:34,0,0
1,59,2025-11-05 13:07:38,2025-11-05 13:07:38,0,0
1,60,2025-11-05 13:07:38,2025-11-05 13:07:38,0,0
2,59,2025-11-05 13:07:38,2025-11-05 13:07:38,0,1
1,61,2025-11-05 13:07:38,2025-11-05 13:07:38,0,0
2,60,2025-11-05 13:07:38,2025-11-05 13:07:38,0,0
2,61,2025-11-05 13:07:38,2025-11-05 13:07:38,0,0
3,59,2025-11-05 13:07:38,2025-11-05 13:07:38,0,0
3,60,2025-11-05 13:07:38,2025-11-05 13:07:38,0,0
4,59,2025-11-05 13:07:38,2025-11-05 13:07:38,0,0
4,60,2025-11-05 13:07:38,2025-11-05 13:07:38,0,0
4,61,2025-11-05 13:07:38,2025-11-05 13:07:38,0,0
5,59,2025-11-05 13:07:38,2025-11-05 13:07:38,0,0
5,60,2025-11-05 13:07:38,2025-11-05 13:07:38,0,0
5,61,2025-11-05 13:07:38,2025-11-05 13:07:38,0,0
1,62,2025-11-05 13:07:38,2025-11-05 13:07:38,0,0
2,62,2025-11-05 13:07:38,2025-11-05 13:07:38,0,0
3,62,2025-11-05 13:07:38,2025-11-05 13:07:38,0,1
4,62,2025-11-05 13:07:38,2025-11-05 13:07:38,0,0
5,62,2025-11-05 13:07:38,2025-11-05 13:07:38,0,0
1,63,2025-11-05 13:07:39,2025-11-05 13:07:39,0,0
2,63,2025-11-05 13:07:39,2025-11-05 13:07:39,0,0
3,63,2025-11-05 13:07:39,2025-11-05 13:07:39,0,0
5,63,2025-11-05 13:07:39,2025-11-05 13:07:39,0,0
1,64,2025-11-05 13:07:40,2025-11-05 13:07:40,0,0
2,64,2025-11-05 13:07:40,2025-11-05 13:07:40,0,0
3,64,2025-11-05 13:07:40,2025-11-05 13:07:40,0,0
4,64,2025-11-05 13:07:40,2025-11-05 13:07:40,0,1
5,64,2025-11-05 13:07:40,2025-11-05 13:07:40,0,0
1,65,2025-11-05 13:07:41,2025-11-05 13:07:41,0,0
2,65,2025-11-05 13:07:41,2025-11-05 13:07:41,0,0
3,65,2025-11-05 13:07:41,2025-11-05 13:07:41,0,0
4,65,2025-11-05 13:07:41,2025-11-05 13:07:41,0,0
5,65,2025-11-05 13:07:41,2025-11-05 13:07:41,0,0
1,66,2025-11-05 13:07:42,2025-11-05 13:07:42,0,0
2,66,2025-11-05 13:07:42,2025-11-05 13:07:42,0,0
3,66,2025-11-05 13:07:42,2025-11-05 13:07:42,0,0
4,66,2025-11-05 13:07:42,2025-11-05 13:07:42,0,0
5,66,2025-11-05 13:07:42,2025-11-05 13:07:42,0,0
2,67,2025-11-05 13:07:43,2025-11-05 13:07:43,0,0
1,67,2025-11-05 13:07:43,2025-11-05 13:07:43,0,0
3,67,2025-11-05 13:07:43,2025-11-05 13:07:43,0,0
4,67,2025-11-05 13:07:43,2025-11-05 13:07:43,0,0
5,67,2025-11-05 13:07:43,2025-11-05 13:07:43,0,0
2,68,2025-11-05 13:07:44,2025-11-05 13:07:44,0,0
1,68,2025-11-05 13:07:44,2025-11-05 13:07:44,0,0
3,68,2025-11-05 13:07:44,2025-11-05 13:07:44,0,0
4,68,2025-11-05 13:07:44,2025-11-05 13:07:44,0,0
5,68,2025-11-05 13:07:44,2025-11-05 13:07:44,0,0
2,69,2025-11-05 13:07:45,2025-11-05 13:07:45,0,0
1,69,2025-11-05 13:07:45,2025-11-05 13:07:45,0,0
3,69,2025-11-05 13:07:45,2025-11-05 13:07:45,0,0
4,69,2025-11-05 13:07:45,2025-11-05 13:07:45,0,0
5,69,2025-11-05 13:07:45,2025-11-05 13:07:45,0,0
1,70,2025-11-05 13:07:46,2025-11-05 13:07:46,0,0
2,70,2025-11-05 13:07:46,2025-11-05 13:07:46,0,0
3,70,2025-11-05 13:07:46,2025-11-05 13:07:46,0,0
4,70,2025-11-05 13:07:46,2025-11-05 13:07:46,0,0
5,70,2025-11-05 13:07:46,2025-11-05 13:07:46,0,0
1,71,2025-11-05 13:07:47,2025-11-05 13:07:47,0,0
2,71,2025-11-05 13:07:47,2025-11-05 13:07:47,0,0
3,71,2025-11-05 13:07:47,2025-11-05 13:07:47,0,0
4,71,2025-11-05 13:07:47,2025-11-05 13:07:47,0,0
5,71,2025-11-05 13:07:47,2025-11-05 13:07:47,0,0
1,72,2025-11-05 13:07:48,2025-11-05 13:07:48,0,0
2,72,2025-11-05 13:07:48,2025-11-05 13:07:48,0,0
3,72,2025-11-05 13:07:48,2025-11-05 13:07:48,0,0
4,72,2025-11-05 13:07:48,2025-11-05 13:07:48,0,0
5,72,2025-11-05 13:07:48,2025-11-05 13:07:48,0,0
1,73,2025-11-05 13:07:49,2025-11-05 13:07:49,0,0
2,73,2025-11-05 13:07:49,2025-11-05 13:07:49,0,0
3,73,2025-11-05 13:07:49,2025-11-05 13:07:49,0,0
4,73,2025-11-05 13:07:49,2025-11-05 13:07:49,0,0
5,73,2025-11-05 13:07:49,2025-11-05 13:07:49,0,0
1,74,2025-11-05 13:07:50,2025-11-05 13:07:50,0,0
2,74,2025-11-05 13:07:50,2025-11-05 13:07:50,0,0
3,74,2025-11-05 13:07:50,2025-11-05 13:07:50,0,0
4,74,2025-11-05 13:07:50,2025-11-05 13:07:50,0,0
5,74,2025-11-05 13:07:50,2025-11-05 13:07:50,0,0
1,75,2025-11-05 13:07:51,2025-11-05 13:07:51,0,0
3,75,2025-11-05 13:07:51,2025-11-05 13:07:51,0,0
4,75,2025-11-05 13:07:51,2025-11-05 13:07:51,0,0
5,75,2025-11-05 13:07:51,2025-11-05 13:07:51,0,0
2,76,2025-11-05 13:07:52,2025-11-05 13:07:52,0,1
1,76,2025-11-05 13:07:52,2025-11-05 13:07:52,0,0
3,76,2025-11-05 13:07:52,2025-11-05 13:07:52,0,0
4,76,2025-11-05 13:07:52,2025-11-05 13:07:52,0,0
5,76,2025-11-05 13:07:52,2025-11-05 13:07:52,0,0
2,77,2025-11-05 13:07:53,2025-11-05 13:07:53,0,0
1,77,2025-11-05 13:07:53,2025-11-05 13:07:53,0,0
3,77,2025-11-05 13:07:53,2025-11-05 13:07:53,0,0
4,77,2025-11-05 13:07:53,2025-11-05 13:07:53,0,0
5,77,2025-11-05 13:07:53,2025-11-05 13:07:53,0,0
1,78,2025-11-05 13:07:54,2025-11-05 13:07:54,0,0
2,78,2025-11-05 13:07:54,2025-11-05 13:07:54,0,0
3,78,2025-11-05 13:07:54,2025-11-05 13:07:54,0,0
4,78,2025-11-05 13:07:54,2025-11-05 13:07:54,0,0
1,79,2025-11-05 13:07:55,2025-11-05 13:07:55,0,0
2,79,2025-11-05 13:07:55,2025-11-05 13:07:55,0,0
3,79,2025-11-05 13:07:55,2025-11-05 13:07:55,0,0
4,79,2025-11-05 13:07:55,2025-11-05 13:07:55,0,0
5,79,2025-11-05 13:07:55,2025-11-05 13:07:55,0,1
1,80,2025-11-05 13:07:56,2025-11-05 13:07:56,0,0
2,80,2025-11-05 13:07:56,2025-11-05 13:07:56,0,0
3,80,2025-11-05 13:07:56,2025-11-05 13:07:56,0,0
4,80,2025-11-05 13:07:56,2025-11-05 13:07:56,0,0
5,80,2025-11-05 13:07:56,2025-11-05 13:07:56,0,0
1,81,2025-11-05 13:07:57,2025-11-05 13:07:57,0,0
2,81,2025-11-05 13:07:57,2025-11-05 13:07:57,0,0
3,81,2025-11-05 13:07:57,2025-11-05 13:07:57,0,0
5,81,2025-11-05 13:07:57,2025-11-05 13:07:57,0,0
1,82,2025-11-05 13:07:58,2025-11-05 13:07:58,0,0
2,82,2025-11-05 13:07:58,2025-11-05 13:07:58,0,0
3,82,2025-11-05 13:07:58,2025-11-05 13:07:58,0,0
5,82,2025-11-05 13:07:58,2025-11-05 13:07:58,0,0
1,83,2025-11-05 13:07:59,2025-11-05 13:07:59,0,0
3,83,2025-11-05 13:07:59,2025-11-05 13:07:59,0,0
4,83,2025-11-05 13:07:59,2025-11-05 13:07:59,0,1
5,83,2025-11-05 13:07:59,2025-11-05 13:07:59,0,0
2,84,2025-11-05 13:08:00,2025-11-05 13:08:00,0,1
3,84,2025-11-05 13:08:00,2025-11-05 13:08:00,0,0
4,84,2025-11-05 13:08:00,2025-11-05 13:08:00,0,0
5,84,2025-11-05 13:08:00,2025-11-05 13:08:00,0,0
2,85,2025-11-05 13:08:01,2025-11-05 13:08:01,0,0
1,85,2025-11-05 13:08:01,2025-11-05 13:08:01,0,1
3,85,2025-11-05 13:08:01,2025-11-05 13:08:01,0,0
4,85,2025-11-05 13:08:01,2025-11-05 13:08:01,0,0
5,85,2025-11-05 13:08:01,2025-11-05 13:08:01,0,0
1,86,2025-11-05 13:08:02,2025-11-05 13:08:02,0,0
2,86,2025-11-05 13:08:02,2025-11-05 13:08:02,0,0
3,86,2025-11-05 13:08:02,2025-11-05 13:08:02,0,0
4,86,2025-11-05 13:08:02,2025-11-05 13:08:02,0,0
5,86,2025-11-05 13:08:02,2025-11-05 13:08:02,0,0
1,87,2025-11-05 13:08:03,2025-11-05 13:08:03,0,0
2,87,2025-11-05 13:08:03,2025-11-05 13:08:03,0,0
3,87,2025-11-05 13:08:03,2025-11-05 13:08:03,0,0
4,87,2025-11-05 13:08:03,2025-11-05 13:08:03,0,0
5,87,2025-11-05 13:08:03,2025-11-05 13:08:03,0,0
1,88,2025-11-05 13:08:04,2025-11-05 13:08:04,0,0
2,88,2025-11-05 13:08:04,2025-11-05 13:08:04,0,0
3,88,2025-11-05 13:08:04,2025-11-05 13:08:04,0,0
4,88,2025-11-05 13:08:04,2025-11-05 13:08:04,0,0
5,88,2025-11-05 13:08:04,2025-11-05 13:08:04,0,0
1,89,2025-11-05 13:08:05,2025-11-05 13:08:05,0,0
2,89,2025-11-05 13:08:05,2025-11-05 13:08:05,0,0
3,89,2025-11-05 13:08:05,2025-11-05 13:08:05,0,0
4,89,2025-11-05 13:08:05,2025-11-05 13:08:05,0,0
5,89,2025-11-05 13:08:05,2025-11-05 13:08:05,0,0
1,90,2025-11-05 13:08:06,2025-11-05 13:08:06,0,0
3,90,2025-11-05 13:08:06,2025-11-05 13:08:06,0,0
4,90,2025-11-05 13:08:06,2025-11-05 13:08:06,0,0
5,90,2025-11-05 13:08:06,2025-11-05 13:08:06,0,0
1,91,2025-11-05 13:08:07,2025-11-05 13:08:07,0,0
2,91,2025-11-05 13:08:07,2025-11-05 13:08:07,0,1
3,91,2025-11-05 13:08:07,2025-11-05 13:08:07,0,0
4,91,2025-11-05 13:08:07,2025-11-05 13:08:07,0,0
5,91,2025-11-05 13:08:07,2025-11-05 13:08:07,0,0
2,92,2025-11-05 13:08:08,2025-11-05 13:08:08,0,0
1,92,2025-11-05 13:08:08,2025-11-05 13:08:08,0,0
3,92,2025-11-05 13:08:08,2025-11-05 13:08:08,0,0
5,92,2025-11-05 13:08:08,2025-11-05 13:08:08,0,0
2,93,2025-11-05 13:08:09,2025-11-05 13:08:09,0,0
3,93,2025-11-05 13:08:09,2025-11-05 13:08:09,0,0
4,93,2025-11-05 13:08:09,2025-11-05 13:08:09,0,1
5,93,2025-11-05 13:08:09,2025-11-05 13:08:09,0,0
1,94,2025-11-05 13:08:13,2025-11-05 13:08:13,0,1
2,94,2025-11-05 13:08:13,2025-11-05 13:08:13,0,0
2,95,2025-11-05 13:08:13,2025-11-05 13:08:13,0,0
1,95,2025-11-05 13:08:13,2025-11-05 13:08:13,0,0
2,96,2025-11-05 13:08:13,2025-11-05 13:08:13,0,0
1,96,2025-11-05 13:08:13,2025-11-05 13:08:13,0,0
3,94,2025-11-05 13:08:13,2025-11-05 13:08:13,0,0
3,95,2025-11-05 13:08:13,2025-11-05 13:08:13,0,0
3,96,2025-11-05 13:08:13,2025-11-05 13:08:13,0,0
4,94,2025-11-05 13:08:13,2025-11-05 13:08:13,0,0
4,95,2025-11-05 13:08:13,2025-11-05 13:08:13,0,0
4,96,2025-11-05 13:08:13,2025-11-05 13:08:13,0,0
5,94,2025-11-05 13:08:13,2025-11-05 13:08:13,0,0
5,95,2025-11-05 13:08:13,2025-11-05 13:08:13,0,0
5,96,2025-11-05 13:08:13,2025-11-05 13:08:13,0,0
2,97,2025-11-05 13:08:13,2025-11-05 13:08:13,0,0
1,97,2025-11-05 13:08:13,2025-11-05 13:08:13,0,0
3,97,2025-11-05 13:08:13,2025-11-05 13:08:13,0,0
4,97,2025-11-05 13:08:13,2025-11-05 13:08:13,0,0
5,97,2025-11-05 13:08:13,2025-11-05 13:08:13,0,0
2,98,2025-11-05 13:08:14,2025-11-05 13:08:14,0,0
1,98,2025-11-05 13:08:14,2025-11-05 13:08:14,0,0
3,98,2025-11-05 13:08:14,2025-11-05 13:08:14,0,0
4,98,2025-11-05 13:08:14,2025-11-05 13:08:14,0,0
2,99,2025-11-05 13:08:15,2025-11-05 13:08:15,0,0
1,99,2025-11-05 13:08:15,2025-11-05 13:08:15,0,0
3,99,2025-11-05 13:08:15,2025-11-05 13:08:15,0,0
4,99,2025-11-05 13:08:15,2025-11-05 13:08:15,0,0
5,99,2025-11-05 13:08:15,2025-11-05 13:08:15,0,1
1,100,2025-11-05 13:06:39,2025-11-05 13:08:16,0,0
3,100,2025-11-05 13:06:39,2025-11-05 13:08:16,0,0
4,100,2025-11-05 13:06:39,2025-11-05 13:08:16,0,0
5,100,2025-11-05 13:06:39,2025-11-05 13:08:16,0,0
1,101,2025-11-05 13:08:17,2025-11-05 13:08:17,0,0
2,101,2025-11-05 13:06:40,2025-11-05 13:08:17,0,1
3,101,2025-11-05 13:08:17,2025-11-05 13:08:17,0,0
4,101,2025-11-05 13:08:17,2025-11-05 13:08:17,0,0
5,101,2025-11-05 13:08:17,2025-11-05 13:08:17,0,0
1,102,2025-11-05 13:08:18,2025-11-05 13:08:18,0,0
2,102,2025-11-05 13:06:41,2025-11-05 13:08:18,0,0
3,102,2025-11-05 13:08:18,2025-11-05 13:08:18,0,0
4,102,2025-11-05 13:08:18,2025-11-05 13:08:18,0,0
5,102,2025-11-05 13:08:18,2025-11-05 13:08:18,0,0
1,103,2025-11-05 13:08:19,2025-11-05 13:08:19,0,0
2,103,2025-11-05 13:06:42,2025-11-05 13:08:19,0,0
3,103,2025-11-05 13:08:19,2025-11-05 13:08:19,0,0
4,103,2025-11-05 13:08:19,2025-11-05 13:08:19,0,0
5,103,2025-11-05 13:08:19,2025-11-05 13:08:19,0,0
1,104,2025-11-05 13:08:20,2025-11-05 13:08:20,0,0
2,104,2025-11-05 13:06:43,2025-11-05 13:08:20,0,0
3,104,2025-11-05 13:08:20,2025-11-05 13:08:20,0,0
4,104,2025-11-05 13:08:20,2025-11-05 13:08:20,0,0
5,104,2025-11-05 13:08:20,2025-11-05 13:08:20,0,0
1,105,2025-11-05 13:08:21,2025-11-05 13:08:21,0,0
2,105,2025-11-05 13:06:44,2025-11-05 13:08:21,0,0
3,105,2025-11-05 13:08:21,2025-11-05 13:08:21,0,0
4,105,2025-11-05 13:08:21,2025-11-05 13:08:21,0,0
5,105,2025-11-05 13:08:21,2025-11-05 13:08:21,0,0
1,106,2025-11-05 13:08:22,2025-11-05 13:08:22,0,0
2,106,2025-11-05 13:06:45,2025-11-05 13:08:22,0,0
3,106,2025-11-05 13:08:22,2025-11-05 13:08:22,0,0
4,106,2025-11-05 13:08:22,2025-11-05 13:08:22,0,0
5,106,2025-11-05 13:08:22,2025-11-05 13:08:22,0,0
1,107,2025-11-05 13:08:23,2025-11-05 13:08:23,0,0
2,107,2025-11-05 13:06:46,2025-11-05 13:08:23,0,0
3,107,2025-11-05 13:08:23,2025-11-05 13:08:23,0,0
4,107,2025-11-05 13:08:23,2025-11-05 13:08:23,0,0
5,107,2025-11-05 13:08:23,2025-11-05 13:08:23,0,0
1,108,2025-11-05 13:08:24,2025-11-05 13:08:24,0,0
2,108,2025-11-05 13:06:47,2025-11-05 13:08:24,0,0
3,108,2025-11-05 13:08:24,2025-11-05 13:08:24,0,0
4,108,2025-11-05 13:08:24,2025-11-05 13:08:24,0,0
5,108,2025-11-05 13:08:24,2025-11-05 13:08:24,0,0
1,109,2025-11-05 13:08:25,2025-11-05 13:08:25,0,0
2,109,2025-11-05 13:06:48,2025-11-05 13:08:25,0,0
3,109,2025-11-05 13:08:25,2025-11-05 13:08:25,0,0
5,109,2025-11-05 13:08:25,2025-11-05 13:08:25,0,0
1,110,2025-11-05 13:08:26,2025-11-05 13:08:26,0,0
2,110,2025-11-05 13:06:49,2025-11-05 13:08:26,0,0
3,110,2025-11-05 13:08:26,2025-11-05 13:08:26,0,0
4,110,2025-11-05 13:08:26,2025-11-05 13:08:26,0,1
5,110,2025-11-05 13:08:26,2025-11-05 13:08:26,0,0
1,111,2025-11-05 13:08:27,2025-11-05 13:08:27,0,0
2,111,2025-11-05 13:06:50,2025-11-05 13:08:27,0,0
3,111,2025-11-05 13:08:27,2025-11-05 13:08:27,0,0
4,111,2025-11-05 13:08:27,2025-11-05 13:08:27,0,0
5,111,2025-11-05 13:08:27,2025-11-05 13:08:27,0,0
2,112,2025-11-05 13:06:51,2025-11-05 13:08:28,0,0
1,112,2025-11-05 13:08:28,2025-11-05 13:08:28,0,0
4,112,2025-11-05 13:08:28,2025-11-05 13:08:28,0,0
5,112,2025-11-05 13:08:28,2025-11-05 13:08:28,0,0
1,113,2025-11-05 13:08:29,2025-11-05 13:08:29,0,0
2,113,2025-11-05 13:06:52,2025-11-05 13:08:29,0,0
3,113,2025-11-05 13:08:29,2025-11-05 13:08:29,0,1
4,113,2025-11-05 13:08:29,2025-11-05 13:08:29,0,0
5,113,2025-11-05 13:08:29,2025-11-05 13:08:29,0,0
1,114,2025-11-05 13:08:30,2025-11-05 13:08:30,0,0
2,114,2025-11-05 13:06:53,2025-11-05 13:08:30,0,0
3,114,2025-11-05 13:08:30,2025-11-05 13:08:30,0,0
4,114,2025-11-05 13:08:30,2025-11-05 13:08:30,0,0
5,114,2025-11-05 13:08:30,2025-11-05 13:08:30,0,0
2,115,2025-11-05 13:06:54,2025-11-05 13:08:31,0,0
1,115,2025-11-05 13:08:31,2025-11-05 13:08:31,0,0
3,115,2025-11-05 13:08:31,2025-11-05 13:08:31,0,0
4,115,2025-11-05 13:08:31,2025-11-05 13:08:31,0,0
5,115,2025-11-05 13:08:31,2025-11-05 13:08:31,0,0
1,116,2025-11-05 13:08:32,2025-11-05 13:08:32,0,0
2,116,2025-11-05 13:06:55,2025-11-05 13:08:32,0,0
3,116,2025-11-05 13:08:32,2025-11-05 13:08:32,0,0
4,116,2025-11-05 13:08:32,2025-11-05 13:08:32,0,0
5,116,2025-11-05 13:08:32,2025-11-05 13:08:32,0,0
2,117,2025-11-05 13:06:56,2025-11-05 13:08:33,0,0
3,117,2025-11-05 13:08:33,2025-11-05 13:08:33,0,0
4,117,2025-11-05 13:08:33,2025-11-05 13:08:33,0,0
5,117,2025-11-05 13:08:33,2025-11-05 13:08:33,0,0
1,118,2025-11-05 13:08:34,2025-11-05 13:08:34,0,1
2,118,2025-11-05 13:06:57,2025-11-05 13:08:34,0,0
3,118,2025-11-05 13:08:34,2025-11-05 13:08:34,0,0
4,118,2025-11-05 13:08:34,2025-11-05 13:08:34,0,0
5,118,2025-11-05 13:08:34,2025-11-05 13:08:34,0,0
1,119,2025-11-05 13:08:35,2025-11-05 13:08:35,0,0
2,119,2025-11-05 13:06:58,2025-11-05 13:08:35,0,0
3,119,2025-11-05 13:08:35,2025-11-05 13:08:35,0,0
4,119,2025-11-05 13:08:35,2025-11-05 13:08:35,0,0
5,119,2025-11-05 13:08:35,2025-11-05 13:08:35,0,0
1,120,2025-11-05 13:08:36,2025-11-05 13:08:36,0,0
2,120,2025-11-05 13:06:59,2025-11-05 13:08:36,0,0
3,120,2025-11-05 13:08:36,2025-11-05 13:08:36,0,0
4,120,2025-11-05 13:08:36,2025-11-05 13:08:36,0,0
5,120,2025-11-05 13:08:36,2025-11-05 13:08:36,0,0
1,121,2025-11-05 13:08:37,2025-11-05 13:08:37,0,0
2,121,2025-11-05 13:07:00,2025-11-05 13:08:37,0,0
3,121,2025-11-05 13:08:37,2025-11-05 13:08:37,0,0
4,121,2025-11-05 13:08:37,2025-11-05 13:08:37,0,0
5,121,2025-11-05 13:08:37,2025-11-05 13:08:37,0,0
1,122,2025-11-05 13:08:38,2025-11-05 13:08:38,0,0
2,122,2025-11-05 13:07:01,2025-11-05 13:08:38,0,0
3,122,2025-11-05 13:08:38,2025-11-05 13:08:38,0,0
5,122,2025-11-05 13:08:38,2025-11-05 13:08:38,0,0
1,123,2025-11-05 13:08:39,2025-11-05 13:08:39,0,0
2,123,2025-11-05 13:07:02,2025-11-05 13:08:39,0,0
3,123,2025-11-05 13:08:39,2025-11-05 13:08:39,0,0
4,123,2025-11-05 13:08:39,2025-11-05 13:08:39,0,1
5,123,2025-11-05 13:08:39,2025-11-05 13:08:39,0,0
1,124,2025-11-05 13:08:40,2025-11-05 13:08:40,0,0
2,124,2025-11-05 13:07:03,2025-11-05 13:08:40,0,0
3,124,2025-11-05 13:08:40,2025-11-05 13:08:40,0,0
4,124,2025-11-05 13:08:40,2025-11-05 13:08:40,0,0
5,124,2025-11-05 13:08:40,2025-11-05 13:08:40,0,0
1,125,2025-11-05 13:08:41,2025-11-05 13:08:41,0,0
2,125,2025-11-05 13:07:04,2025-11-05 13:08:41,0,0
3,125,2025-11-05 13:08:41,2025-11-05 13:08:41,0,0
4,125,2025-11-05 13:08:41,2025-11-05 13:08:41,0,0
5,125,2025-11-05 13:08:41,2025-11-05 13:08:41,0,0
1,126,2025-11-05 13:08:42,2025-11-05 13:08:42,0,0
2,126,2025-11-05 13:07:05,2025-11-05 13:08:42,0,0
3,126,2025-11-05 13:08:42,2025-11-05 13:08:42,0,0
4,126,2025-11-05 13:08:42,2025-11-05 13:08:42,0,0
5,126,2025-11-05 13:08:42,2025-11-05 13:08:42,0,0
1,127,2025-11-05 13:08:43,2025-11-05 13:08:43,0,0
2,127,2025-11-05 13:07:06,2025-11-05 13:08:43,0,0
3,127,2025-11-05 13:08:43,2025-11-05 13:08:43,0,0
4,127,2025-11-05 13:08:43,2025-11-05 13:08:43,0,0
5,127,2025-11-05 13:08:43,2025-11-05 13:08:43,0,0
1,128,2025-11-05 13:08:44,2025-11-05 13:08:44,0,0
2,128,2025-11-05 13:07:07,2025-11-05 13:08:44,0,0
3,128,2025-11-05 13:08:44,2025-11-05 13:08:44,0,0
4,128,2025-11-05 13:08:44,2025-11-05 13:08:44,0,0
5,128,2025-11-05 13:08:44,2025-11-05 13:08:44,0,0
1,129,2025-11-05 13:08:48,2025-11-05 13:08:48,0,0
1,130,2025-11-05 13:08:48,2025-11-05 13:08:48,0,0
2,129,2025-11-05 13:07:11,2025-11-05 13:08:48,0,0
1,131,2025-11-05 13:08:48,2025-11-05 13:08:48,0,0
2,131,2025-11-05 13:07:11,2025-11-05 13:08:48,0,1
3,129,2025-11-05 13:08:48,2025-11-05 13:08:48,0,0
3,130,2025-11-05 13:08:48,2025-11-05 13:08:48,0,0
3,131,2025-11-05 13:08:48,2025-11-05 13:08:48,0,0
4,129,2025-11-05 13:08:48,2025-11-05 13:08:48,0,0
4,130,2025-11-05 13:08:48,2025-11-05 13:08:48,0,0
4,131,2025-11-05 13:08:48,2025-11-05 13:08:48,0,0
5,129,2025-11-05 13:08:48,2025-11-05 13:08:48,0,0
5,130,2025-11-05 13:08:48,2025-11-05 13:08:48,0,0
1,132,2025-11-05 13:08:48,2025-11-05 13:08:48,0,0
2,132,2025-11-05 13:07:11,2025-11-05 13:08:48,0,0
3,132,2025-11-05 13:08:48,2025-11-05 13:08:48,0,0
4,132,2025-11-05 13:08:48,2025-11-05 13:08:48,0,0
5,132,2025-11-05 13:08:48,2025-11-05 13:08:48,0,1
1,133,2025-11-05 13:08:49,2025-11-05 13:08:49,0,0
2,133,2025-11-05 13:07:12,2025-11-05 13:08:49,0,0
3,133,2025-11-05 13:08:49,2025-11-05 13:08:49,0,0
4,133,2025-11-05 13:08:49,2025-11-05 13:08:49,0,0
5,133,2025-11-05 13:08:49,2025-11-05 13:08:49,0,0
2,134,2025-11-05 13:07:13,2025-11-05 13:08:50,0,0
1,134,2025-11-05 13:08:50,2025-11-05 13:08:50,0,0
3,134,2025-11-05 13:08:50,2025-11-05 13:08:50,0,0
4,134,2025-11-05 13:08:50,2025-11-05 13:08:50,0,0
5,134,2025-11-05 13:08:50,2025-11-05 13:08:50,0,0
1,135,2025-11-05 13:08:51,2025-11-05 13:08:51,0,0
2,135,2025-11-05 13:07:14,2025-11-05 13:08:51,0,0
3,135,2025-11-05 13:08:51,2025-11-05 13:08:51,0,0
4,135,2025-11-05 13:08:51,2025-11-05 13:08:51,0,0
5,135,2025-11-05 13:08:51,2025-11-05 13:08:51,0,0
2,136,2025-11-05 13:07:15,2025-11-05 13:08:52,0,0
1,136,2025-11-05 13:08:52,2025-11-05 13:08:52,0,0
3,136,2025-11-05 13:08:52,2025-11-05 13:08:52,0,0
4,136,2025-11-05 13:08:52,2025-11-05 13:08:52,0,0
1,137,2025-11-05 13:08:53,2025-11-05 13:08:53,0,0
2,137,2025-11-05 13:07:16,2025-11-05 13:08:53,0,0
3,137,2025-11-05 13:08:53,2025-11-05 13:08:53,0,0
4,137,2025-11-05 13:08:53,2025-11-05 13:08:53,0,0
5,137,2025-11-05 13:08:53,2025-11-05 13:08:53,0,1
1,138,2025-11-05 13:08:54,2025-11-05 13:08:54,0,0
2,138,2025-11-05 13:07:17,2025-11-05 13:08:54,0,0
3,138,2025-11-05 13:08:54,2025-11-05 13:08:54,0,0
4,138,2025-11-05 13:08:54,2025-11-05 13:08:54,0,0
5,138,2025-11-05 13:08:54,2025-11-05 13:08:54,0,0
1,139,2025-11-05 13:08:55,2025-11-05 13:08:55,0,0
2,139,2025-11-05 13:07:18,2025-11-05 13:08:55,0,0
3,139,2025-11-05 13:08:55,2025-11-05 13:08:55,0,0
4,139,2025-11-05 13:08:55,2025-11-05 13:08:55,0,0
5,139,2025-11-05 13:08:55,2025-11-05 13:08:55,0,0
2,140,2025-11-05 13:07:19,2025-11-05 13:08:56,0,0
3,140,2025-11-05 13:08:56,2025-11-05 13:08:56,0,0
4,140,2025-11-05 13:08:56,2025-11-05 13:08:56,0,0
5,140,2025-11-05 13:08:56,2025-11-05 13:08:56,0,0
2,141,2025-11-05 13:07:20,2025-11-05 13:08:57,0,0
3,141,2025-11-05 13:08:57,2025-11-05 13:08:57,0,0
4,141,2025-11-05 13:08:57,2025-11-05 13:08:57,0,0
5,141,2025-11-05 13:08:57,2025-11-05 13:08:57,0,0
1,142,2025-11-05 13:08:58,2025-11-05 13:08:58,0,1
2,142,2025-11-05 13:07:21,2025-11-05 13:08:58,0,0
3,142,2025-11-05 13:08:58,2025-11-05 13:08:58,0,0
5,142,2025-11-05 13:08:58,2025-11-05 13:08:58,0,0
2,143,2025-11-05 13:07:22,2025-11-05 13:08:59,0,0
1,143,2025-11-05 13:08:59,2025-11-05 13:08:59,0,0
3,143,2025-11-05 13:08:59,2025-11-05 13:08:59,0,0
4,143,2025-11-05 13:08:59,2025-11-05 13:08:59,0,1
5,143,2025-11-05 13:08:59,2025-11-05 13:08:59,0,0
1,144,2025-11-05 13:09:00,2025-11-05 13:09:00,0,0
2,144,2025-11-05 13:07:23,2025-11-05 13:09:00,0,0
3,144,2025-11-05 13:09:00,2025-11-05 13:09:00,0,0
4,144,2025-11-05 13:09:00,2025-11-05 13:09:00,0,0
5,144,2025-11-05 13:09:00,2025-11-05 13:09:00,0,0
1,145,2025-11-05 13:09:01,2025-11-05 13:09:01,0,0
2,145,2025-11-05 13:07:24,2025-11-05 13:09:01,0,0
4,145,2025-11-05 13:09:01,2025-11-05 13:09:01,0,0
5,145,2025-11-05 13:09:01,2025-11-05 13:09:01,0,0
6,1,1970-01-01 02:00:00,2025-11-05 15:37:16,0,0
6,2,2025-11-05 15:37:16,2025-11-05 15:37:16,0,0
6,3,2025-11-05 15:37:16,2025-11-05 15:37:16,0,0
7,1,1970-01-01 02:00:00,2025-11-05 15:37:16,0,0
7,2,2025-11-05 15:37:16,2025-11-05 15:37:16,0,0
7,3,2025-11-05 15:37:16,2025-11-05 15:37:16,0,0
8,1,1970-01-01 02:00:00,2025-11-05 15:37:16,0,0
8,2,2025-11-05 15:37:16,2025-11-05 15:37:16,0,0
8,3,2025-11-05 15:37:16,2025-11-05 15:37:16,0,0
9,1,1970-01-01 02:00:00,2025-11-05 15:37:16,0,0
9,3,2025-11-05 15:37:16,2025-11-05 15:37:16,0,1
6,4,2025-11-05 15:37:17,2025-11-05 15:37:17,0,0
7,4,2025-11-05 15:37:17,2025-11-05 15:37:17,0,0
8,4,2025-11-05 15:37:17,2025-11-05 15:37:17,0,0
9,4,2025-11-05 15:37:17,2025-11-05 15:37:17,0,0
6,5,2025-11-05 15:37:18,2025-11-05 15:37:18,0,0
7,5,2025-11-05 15:37:18,2025-11-05 15:37:18,0,0
8,5,2025-11-05 15:37:18,2025-11-05 15:37:18,0,0
9,5,2025-11-05 15:37:18,2025-11-05 15:37:18,0,0
6,6,2025-11-05 15:37:19,2025-11-05 15:37:19,0,0
7,6,2025-11-05 15:37:19,2025-11-05 15:37:19,0,0
8,6,2025-11-05 15:37:19,2025-11-05 15:37:19,0,0
9,6,2025-11-05 15:37:19,2025-11-05 15:37:19,0,0
7,7,2025-11-05 15:37:20,2025-11-05 15:37:20,0,0
8,7,2025-11-05 15:37:20,2025-11-05 15:37:20,0,0
9,7,2025-11-05 15:37:20,2025-11-05 15:37:20,0,0
6,8,2025-11-05 15:37:21,2025-11-05 15:37:21,0,1
7,8,2025-11-05 15:37:21,2025-11-05 15:37:21,0,0
8,8,2025-11-05 15:37:21,2025-11-05 15:37:21,0,0
9,8,2025-11-05 15:37:21,2025-11-05 15:37:21,0,0
6,9,2025-11-05 15:37:22,2025-11-05 15:37:22,0,0
7,9,2025-11-05 15:37:22,2025-11-05 15:37:22,0,0
8,9,2025-11-05 15:37:22,2025-11-05 15:37:22,0,0
9,9,2025-11-05 15:37:22,2025-11-05 15:37:22,0,0
6,10,2025-11-05 15:37:23,2025-11-05 15:37:23,0,0
7,10,2025-11-05 15:37:23,2025-11-05 15:37:23,0,0
9,10,2025-11-05 15:37:23,2025-11-05 15:37:23,0,0
6,11,2025-11-05 15:37:24,2025-11-05 15:37:24,0,0
7,11,2025-11-05 15:37:24,2025-11-05 15:37:24,0,0
8,11,2025-11-05 15:37:24,2025-11-05 15:37:24,0,1
9,11,2025-11-05 15:37:24,2025-11-05 15:37:24,0,0
6,12,2025-11-05 15:37:25,2025-11-05 15:37:25,0,0
7,12,2025-11-05 15:37:25,2025-11-05 15:37:25,0,0
8,12,2025-11-05 15:37:25,2025-11-05 15:37:25,0,0
9,12,2025-11-05 15:37:25,2025-11-05 15:37:25,0,0
6,13,2025-11-05 15:37:26,2025-11-05 15:37:26,0,0
7,13,2025-11-05 15:37:26,2025-11-05 15:37:26,0,0
8,13,2025-11-05 15:37:26,2025-11-05 15:37:26,0,0
9,13,2025-11-05 15:37:26,2025-11-05 15:37:26,0,0
6,14,2025-11-05 15:37:27,2025-11-05 15:37:27,0,0
8,14,2025-11-05 15:37:27,2025-11-05 15:37:27,0,0
9,14,2025-11-05 15:37:27,2025-11-05 15:37:27,0,0
6,15,2025-11-05 15:37:28,2025-11-05 15:37:28,0,0
7,15,2025-11-05 15:37:28,2025-11-05 15:37:28,0,1
8,15,2025-11-05 15:37:28,2025-11-05 15:37:28,0,0
9,15,2025-11-05 15:37:28,2025-11-05 15:37:28,0,0
6,16,2025-11-05 15:37:29,2025-11-05 15:37:29,0,0
7,16,2025-11-05 15:37:29,2025-11-05 15:37:29,0,0
8,16,2025-11-05 15:37:29,2025-11-05 15:37:29,0,0
9,16,2025-11-05 15:37:29,2025-11-05 15:37:29,0,0
6,17,2025-11-05 15:37:30,2025-11-05 15:37:30,0,0
7,17,2025-11-05 15:37:30,2025-11-05 15:37:30,0,0
8,17,2025-11-05 15:37:30,2025-11-05 15:37:30,0,0
9,17,2025-11-05 15:37:30,2025-11-05 15:37:30,0,0
6,18,2025-11-05 15:37:31,2025-11-05 15:37:31,0,0
7,18,2025-11-05 15:37:31,2025-11-05 15:37:31,0,0
8,18,2025-11-05 15:37:31,2025-11-05 15:37:31,0,0
9,18,2025-11-05 15:37:31,2025-11-05 15:37:31,0,0
6,19,2025-11-05 15:37:32,2025-11-05 15:37:32,0,0
7,19,2025-11-05 15:37:32,2025-11-05 15:37:32,0,0
8,19,2025-11-05 15:37:32,2025-11-05 15:37:32,0,0
9,19,2025-11-05 15:37:32,2025-11-05 15:37:32,0,0
6,20,2025-11-05 15:37:33,2025-11-05 15:37:33,0,0
7,20,2025-11-05 15:37:33,2025-11-05 15:37:33,0,0
8,20,2025-11-05 15:37:33,2025-11-05 15:37:33,0,0
9,20,2025-11-05 15:37:33,2025-11-05 15:37:33,0,0
6,21,2025-11-05 15:37:34,2025-11-05 15:37:34,0,0
7,21,2025-11-05 15:37:34,2025-11-05 15:37:34,0,0
8,21,2025-11-05 15:37:34,2025-11-05 15:37:34,0,0
9,21,2025-11-05 15:37:34,2025-11-05 15:37:34,0,0
6,22,2025-11-05 15:37:35,2025-11-05 15:37:35,0,0
7,22,2025-11-05 15:37:35,2025-11-05 15:37:35,0,0
8,22,2025-11-05 15:37:35,2025-11-05 15:37:35,0,0
9,22,2025-11-05 15:37:35,2025-11-05 15:37:35,0,0
6,23,2025-11-05 15:37:36,2025-11-05 15:37:36,0,0
7,23,2025-11-05 15:37:36,2025-11-05 15:37:36,0,0
8,23,2025-11-05 15:37:36,2025-11-05 15:37:36,0,0
9,23,2025-11-05 15:37:36,2025-11-05 15:37:36,0,0
